{
	"credit": "C 2022 STANDARDSUCHT.NET",
	"texture_size": [64, 64],
	"textures": {
		"0": "hat",
		"particle": "hat"
	},
	"elements": [
		{
			"from": [0, -1.25, 0],
			"to": [16, 1, 16],
			"faces": {
				"north": {"uv": [9.25, 1, 13.25, 1.5], "texture": "#0"},
				"east": {"uv": [9.25, 1.5, 13.25, 2], "texture": "#0"},
				"south": {"uv": [9.25, 2, 13.25, 2.5], "texture": "#0"},
				"west": {"uv": [9.25, 2.5, 13.25, 3], "texture": "#0"},
				"up": {"uv": [4, 4, 0, 0], "texture": "#0"},
				"down": {"uv": [4, 4, 0, 8], "texture": "#0"}
			}
		},
		{
			"from": [3, 1, 3],
			"to": [13, 8.5, 13],
			"faces": {
				"north": {"uv": [0, 8, 2.5, 10], "texture": "#0"},
				"east": {"uv": [2.5, 8, 5, 10], "texture": "#0"},
				"south": {"uv": [5, 8, 7.5, 10], "texture": "#0"},
				"west": {"uv": [7.5, 8, 10, 10], "texture": "#0"},
				"up": {"uv": [6.5, 8, 4, 5.5], "texture": "#0"},
				"down": {"uv": [9, 5.5, 6.5, 8], "texture": "#0"}
			}
		},
		{
			"from": [2.75, 2.75, 2.5],
			"to": [13.25, 4, 13.25],
			"faces": {
				"north": {"uv": [9.25, 3, 12, 3.25], "texture": "#0"},
				"east": {"uv": [9.25, 3.25, 12, 3.5], "texture": "#0"},
				"south": {"uv": [9.25, 3.5, 12, 3.75], "texture": "#0"},
				"west": {"uv": [9.25, 3.75, 12, 4], "texture": "#0"},
				"up": {"uv": [6.75, 2.75, 4, 0], "texture": "#0"},
				"down": {"uv": [6.75, 2.75, 4, 5.5], "texture": "#0"}
			}
		}
	],
	"display": {
		"thirdperson_righthand": {
			"translation": [0, 11.75, 0]
		},
		"head": {
			"translation": [0, 15.25, 0],
			"scale": [1.3, 1.3, 1.3]
		}
	}
}